,length,mean,median,std,iqr,wins,losses,zero,total,wins/losses,a_r_mean,a_r_median,a_r_std
0,1,5.5420713070415015,5.70611822880992,11.419852457870082,14.15296734615608,981,411,0,1392,2.386861313868613,5.542071307041504,5.70611822880992,11.419852457870082
1,2,11.267791811941544,10.415113824073163,16.696580771677123,22.451466807417315,1050,342,0,1392,3.0701754385964914,4.728242256072528,3.9692136645835063,16.69812639234665
2,3,17.164506033306317,16.458081715686024,20.334343686429794,25.81002092246571,1130,262,0,1392,4.312977099236641,4.212694478713772,2.7614305675284996,20.056547815719522
3,5,30.3659168865988,26.64151722781125,28.830923642275526,33.83599932662663,1222,170,0,1392,7.188235294117647,3.8744813230890762,1.5976466097712887,23.712673874137757
4,10,71.98033802477732,60.62910393680514,52.45883260286374,70.43147123166256,1359,33,0,1392,41.18181818181818,3.7167493980348985,0.36856569253457394,27.79469406494164
5,20,225.78494162321843,165.3156442289765,158.960960762901,231.32580557257302,1391,1,0,1392,1391.0,3.780202420732258,-0.7524456802514763,30.92675036533784
6,30,520.4601850145907,403.94307329731,326.04380395676844,477.05982533394285,1392,0,0,1392,inf,3.890617060890075,-1.267755359567147,32.53237695892438
